flightNumber;plane;dep_airport_code;arr_airport_code;delay
HTY134; AWH;AEI;JCU;17
HTY110; AWH;JCU;AEI;14
HTY112; AWH;AEI;JCU;15
HTY114; AWH;AEI;JCU;10
HTY138; AWH;AEI;JCU;4
HTY133; AWH;JCU;AEI;-5
HTY109; AWH;JCU;AEI;-6
HTY111; AWH;JCU;AEI;16
HTY113; AWH;JCU;AEI;42
HTY137; AWH;JCU;AEI;8
IBE0519; AIRBUS A319;LCG;MAD;42
TAP1085; ATR-42\/72;LCG;LIS;19
AEA7234; EMBRAER ERJ-195;LCG;MAD;12
IBE0513; AIRBUS A320;LCG;MAD;17
VLG1274; 32A;LCG;VLC;9
VLG1298; AIRBUS A320;LCG;SVQ;18
AEA7236; EMBRAER ERJ-195;LCG;MAD;24
IBE0523; AIRBUS A320;LCG;MAD;29
VLG1295; AIRBUS A320;LCG;BCN;1
VLG7104; AIRBUS A320;LCG;LHR;11
LZF440; ATR 42-300\/320;BIO;LCG;4
AEA7238; EMBRAER ERJ-195;LCG;MAD;19
VLG1303; 32A;ALC;BCN;22
AEA4025; ATR-72;ALC;PMI;8
RYR4019; BOEING 737-800 WINGLETS;ALC;CPH;18
RYR8287; BOEING 737-800 WINGLETS;ALC;BRS;8
BEL3772; AIRBUS A320;ALC;BRU;21
JAF5358; 7M8;ALC;BRU;17
EWG9533; 32A;ALC;DUS;13
IBK5414; BOEING 737-800 WINGLETS;ALC;DUS;12
ANE8391; BOMBARDIER CRJ-1000;ALC;MAD;17
JAF5842; BOEING 737-700 WINGLETS;ALC;CRL;7
EZY8660; AIRBUS A319;ALC;LGW;16
ENT520; BOEING 737-800 WINGLETS;ALC;BUD;23
TRA6144; BOEING 737-800 WINGLETS;ALC;AMS;22
TRA6626; BOEING 737-800 WINGLETS;ALC;EIN;22
TRA5052; BOEING 737-700 WINGLETS;ALC;RTM;16
VLG1392; 32A;ALC;MXP;-2
VLG1374; AIRBUS A320;ALC;AMS;0
IBE8213; CANADAIR CRJ-200;LEI;PMI;27
EZY8164; AIRBUS A320;LEI;LGW;31
IBE8595; BOMBARDIER CRJ-1000;LEI;MAD;21
RYR8352; BOEING 737-800 WINGLETS;LEI;STN;21
VLG1252; AIRBUS A320;LEI;BCN;-13
IBE8577; BOMBARDIER CRJ-1000;LEI;MAD;20
IBE8589; CANADAIR CRJ-200;LEI;MAD;14
IBE8601; BOMBARDIER CRJ-1000;LEI;MAD;21
GMI2381; BOEING 737-700 WINGLETS;LEI;DUS;24
RYR1259; BOEING 737-800 WINGLETS;LEI;CRL;0
IBE8932; CANADAIR CRJ-200;LEI;SVQ;28
IBE8603; BOMBARDIER CRJ-1000;LEI;MAD;0
LGL694; BOEING 737-800 WINGLETS;LEI;LUX;20
JAF6944; EMBRAER 190;LEI;BRU;11
IBE0514; AIRBUS A319;MAD;LCG;19
VLG1292; 32A;BCN;LCG;25
AEA7233; EMBRAER ERJ-195;MAD;LCG;14
IBE0512; AIRBUS A320;MAD;LCG;0
VLG1299; AIRBUS A320;SVQ;LCG;2
AEA7235; EMBRAER ERJ-195;MAD;LCG;5
IBE0524; AIRBUS A320;MAD;LCG;11
VLG1294; AIRBUS A320;BCN;LCG;2
ANE8390; BOMBARDIER CRJ-1000;MAD;ALC;14
VLG3935; AIRBUS A320;PMI;ALC;3
VLG1312; AIRBUS A320;BCN;ALC;24
IBE8931; CANADAIR CRJ-200;SVQ;LEI;17
IBE8594; BOMBARDIER CRJ-1000;MAD;LEI;18
VLG1251; AIRBUS A320;BCN;LEI;24
IBE8598; BOMBARDIER CRJ-1000;MAD;LEI;20
IBE8212; CANADAIR CRJ-200;PMI;LEI;12
IBE8592; BOMBARDIER CRJ-1000;MAD;LEI;9
IBE8588; CANADAIR CRJ-200;MAD;LEI;20
IBE8600; BOMBARDIER CRJ-1000;MAD;LEI;13
IBE8594; CANADAIR CRJ-900;MAD;LEI;0
IBE8759; BOMBARDIER CRJ-1000;LEN;BCN;16
RYR4421; BOEING 737-800 WINGLETS;VIT;CGN;-7
IBE8758; BOMBARDIER CRJ-1000;BCN;LEN;12
IBE8221; CANADAIR CRJ-200;RJL;MAD;18
IBE8224; CANADAIR CRJ-200;MAD;RJL;21
RYR1074; BOEING 737-800 WINGLETS;REU;EMA;30
RYR1115; BOEING 737-800 WINGLETS;REU;DUB;1
RYR2212; BOEING 737-800 WINGLETS;REU;EIN;14
RYR2212; BOEING 737-800 WINGLETS;REU;EIN;-4
IBE0519; AIRBUS A319;LCG;MAD;20
TAP1085; ATR-42\/72;LCG;LIS;6
AEA7234; EMBRAER ERJ-195;LCG;MAD;6
IBE0513; AIRBUS A320;LCG;MAD;27
VLG1274; 32A;LCG;VLC;29
VLG1298; AIRBUS A320;LCG;SVQ;12
AEA7236; EMBRAER ERJ-195;LCG;MAD;22
IBE0523; AIRBUS A320;LCG;MAD;26
VLG1295; AIRBUS A320;LCG;BCN;-1
VLG7104; AIRBUS A320;LCG;LHR;35
AEA7238; EMBRAER ERJ-195;LCG;MAD;25
VLG1303; 32A;ALC;BCN;11
RYR8287; BOEING 737-800 WINGLETS;ALC;BRS;16
BEL3772; AIRBUS A320;ALC;BRU;13
JAF5358; 7M8;ALC;BRU;4
EWG9533; 32A;ALC;DUS;31
IBK5414; BOEING 737-800 WINGLETS;ALC;DUS;7
ANE8391; BOMBARDIER CRJ-1000;ALC;MAD;5
JAF5842; BOEING 737-700 WINGLETS;ALC;CRL;9
EZY8660; AIRBUS A319;ALC;LGW;9
ENT520; BOEING 737-800 WINGLETS;ALC;BUD;31
TRA6144; BOEING 737-800 WINGLETS;ALC;AMS;18
TRA5052; BOEING 737-700 WINGLETS;ALC;RTM;12
TRA6626; BOEING 737-800 WINGLETS;ALC;EIN;-8
VLG1392; 32A;ALC;MXP;20
VLG1374; AIRBUS A320;ALC;AMS;-2
EZY2224; AIRBUS A319;ALC;LTN;10
IBB604; ATR-42\/72;SPC;TFN;15
IBB606; ATR-72;SPC;TFN;24
IBE2282; ATR-72;SPC;TFN;2
IBB304; ATR-42\/72;SPC;LPA;24
CNF413; ATR-72;SPC;TFN;8
IBB608; ATR-42\/72;SPC;TFN;20
AEA9462; ATR-72;SPC;TFN;8
IBB612; ATR-42\/72;SPC;TFN;20
CNF419; ATR-72;SPC;TFN;8
IBB614; ATR-72;SPC;TFN;19
AEA9464; ATR-72;SPC;TFN;-2
IBB620; ATR-72;SPC;TFN;21
IBB622; ATR-42\/72;SPC;TFN;21
IBS3843; AIRBUS A320;SPC;MAD;8
IBB630; ATR-42\/72;SPC;TFN;13
CNF453; ATR-72;SPC;TFN;2
IBB632; ATR-42\/72;SPC;TFN;4
AEA9466; ATR-72;SPC;TFN;26
IBB634; ATR-42\/72;SPC;TFN;27
PRW254; BOEING 737-800;SPC;JYV;8
IBB636; ATR-42\/72;SPC;TFN;20
IBB316; ATR-72;SPC;LPA;1
AEA9480; ATR-72;SPC;TFN;29
RYR6321; BOEING 737-800 WINGLETS;VLL;BCN;30
VLG1585; AIRBUS A320;VLL;BCN;5
IBE8313; BOMBARDIER CRJ-1000;BJZ;BCN;50
IBE8331; CANADAIR CRJ-200;BJZ;MAD;19
IBE8312; BOMBARDIER CRJ-1000;BCN;BJZ;7
IBE8330; CANADAIR CRJ-200;MAD;BJZ;4
RYR1383; BOEING 737-800 WINGLETS;ZAZ;CRL;-11
AEA2631; BOEING 737-800 WINGLETS;ZAZ;IBZ;-3
RYR4634; BOEING 737-800 WINGLETS;ZAZ;BGY;32
VLG3979; AIRBUS A320;ZAZ;PMI;19
HTY133; AWH;JCU;AEI;27
HTY109; AWH;JCU;AEI;11
HTY111; AWH;JCU;AEI;23
HTY113; AWH;JCU;AEI;20
HTY257; AWH;JCU;AGP;12
HTY137; AWH;JCU;AEI;8
AEA7311; EMBRAER ERJ-195;VGO;MAD;22
IBE0531; AIRBUS A319;VGO;MAD;23
VLG1703; 32A;VGO;BCN;16
AEA7315; EMBRAER ERJ-195;VGO;MAD;9
IBE0533; AIRBUS A319;VGO;MAD;-11
IBS9527; AIRBUS A320;VGO;PMI;-4
TAP1141; ATR-72;VGO;LIS;20
AEA7317; EMBRAER ERJ-195;VGO;MAD;18
AEA2632; BOEING 737-800 WINGLETS;IBZ;ZAZ;9
VLG3978; AIRBUS A320;PMI;ZAZ;13
AEA4004; EMBRAER ERJ-195;VLC;PMI;1
JAF5316; EMBRAER 190;VLC;BRU;14
VOE3583; BOEING 717;VLC;OVD;9
IBE8993; BOMBARDIER CRJ-1000;VLC;MAD;12
CPA1870; BOMBARDIER CRJ-1000;VLC;MAD;22
SWR2131; CS1;VLC;GVA;19
EZY8224; AIRBUS A319;VLC;LGW;4
IBE8987; CANADAIR CRJ-900;VLC;MAD;26
QTR6567; CANADAIR CRJ-900;VLC;MAD;6
RYR2258; BOEING 737-800 WINGLETS;VLC;TRN;-9
TRA5106; BOEING 737-800 WINGLETS;VLC;EIN;14
RYR9678; BOEING 737-800 WINGLETS;VLC;CIA;11
RYR8322; BOEING 737-800 WINGLETS;VLC;STN;-11
RYR7216; BOEING 737-800 WINGLETS;VLC;IBZ;17
RYR7619; BOEING 737-800 WINGLETS;VLC;GLA;28
AEA1007; BOEING 737-800 WINGLETS;VLC;CDG;11
TAP1097; ATR-42\/72;VLC;LIS;8
AEA4064; ATR-72;VLC;MAD;7
IBB650; ATR-72;GMZ;TFN;17
IBB652; ATR-72;GMZ;TFN;15
IBB651; ATR-42\/72;TFN;GMZ;-1
IBB653; ATR-42\/72;TFN;GMZ;15
IBE2244; ATR-72;TFN;GMZ;13
VLG1292; 32A;BCN;LCG;15
AEA7233; EMBRAER ERJ-195;MAD;LCG;1
IBE0512; AIRBUS A320;MAD;LCG;3
VLG1299; AIRBUS A320;SVQ;LCG;25
AEA7235; EMBRAER ERJ-195;MAD;LCG;-1
IBE0524; AIRBUS A320;MAD;LCG;9
VLG1294; AIRBUS A320;BCN;LCG;7
VLG1275; 32A;VLC;LCG;30
IBE3162; 32A;MAD;LHR;22
DLH1123; 32A;MAD;FRA;8
IBS3942; AIRBUS A321;MAD;TFN;0
IBE8614; BOMBARDIER CRJ-1000;MAD;FRA;36
IBS3634; 32A;MAD;BHX;26
IBE8986; CANADAIR CRJ-900;MAD;VLC;27
IBE3230; AIRBUS A321;MAD;FCO;-1
AEA1301; BOEING 787-8;MAD;TLV;7
IBE0554; AIRBUS A319;MAD;SDR;28
IBE0556; AIRBUS A319;MAD;SDR;12
VLG1590; AIRBUS A320;BCN;SDR;14
IBE0558; AIRBUS A319;MAD;SDR;16
IBE8878; BOMBARDIER CRJ-1000;MAD;SDR;33
RYR6320; BOEING 737-800 WINGLETS;BCN;VLL;7
VLG1584; AIRBUS A320;BCN;VLL;6
IBE8530; BOMBARDIER CRJ-1000;MAD;PNA;6
IBE8536; CANADAIR CRJ-200;MAD;PNA;29
IBE8524; BOMBARDIER CRJ-1000;MAD;PNA;16
IBE8532; BOMBARDIER CRJ-1000;MAD;PNA;20
IBE8526; BOMBARDIER CRJ-1000;MAD;PNA;13
TOM3513; BOEING 737-800 WINGLETS;TFS;LBA;14
RYR2914; BOEING 737-800 WINGLETS;TFS;MAD;35
IBK6514; BOEING 737-800 WINGLETS;TFS;DUS;18
BEL1652; AIRBUS A320;TFS;BRU;27
IBB152; ATR-72;TFS;LPA;20
IBK6400; BOEING 737-800 WINGLETS;TFS;LGW;11
JAF5940; BOEING 737-800 WINGLETS;TFS;CRL;19
EXS756; BOEING 737-800 WINGLETS;TFS;MAN;11
RYR8167; BOEING 737-800 WINGLETS;TFS;STN;19
OLY547; AIRBUS A321;TFS;CGN;7
RYR1122; BOEING 737-800 WINGLETS;TFS;BHX;20
RYR4347; BOEING 737-800 WINGLETS;TFS;LPL;13
TOM6545; BOEING 737-800 WINGLETS;TFS;BOH;13
EZY1908; 32A;TFS;MAN;5
TUI2969; BOEING 737-700 WINGLETS;TFS;TXL;30
EZY6950; 32A;TFS;EDI;32
VLG6598; 32A;TFS;ZRH;22
TCX1505; AIRBUS A321;TFS;GLA;15
TOM6585; BOEING 737-800 WINGLETS;TFS;EXT;29
EZY8704; 32A;TFS;LGW;22
TCX1067; AIRBUS A321;TFS;STN;18
TCX1673; 32B;TFS;NCL;3
TCX1423; AIRBUS A321;TFS;BRS;30
HTY134; AWH;AEI;JCU;13
HTY110; AWH;JCU;AEI;20
HTY112; AWH;AEI;JCU;16
HTY114; AWH;AEI;JCU;10
HTY138; AWH;AEI;JCU;11
RYR9241; BOEING 737-800 WINGLETS;GRO;PSA;26
RYR6391; BOEING 737-800 WINGLETS;GRO;NRN;29
RYR9335; BOEING 737-800 WINGLETS;GRO;BRS;-12
RYR9107; BOEING 737-800 WINGLETS;GRO;BVA;13
RYR7018; BOEING 737-800 WINGLETS;GRO;SKG;26
RYR9803; BOEING 737-800 WINGLETS;GRO;STN;26
RYR9211; BOEING 737-800 WINGLETS;GRO;FKB;11
RYR9911; BOEING 737-800 WINGLETS;GRO;BOH;2
RYR3769; BOEING 737-800 WINGLETS;GRO;LTN;1
RYR8047; BOEING 737-800 WINGLETS;GRO;BHX;4
RYR7038; BOEING 737-800 WINGLETS;GRO;CAG;12
RYR6924; BOEING 737-800 WINGLETS;GRO;RBA;20
RYR4275; BOEING 737-800 WINGLETS;GRO;FRA;12
ANE2034; BOMBARDIER CRJ-1000;GRO;SVQ;10
RYR9123; BOEING 737-800 WINGLETS;GRO;EIN;4
RYR3213; BOEING 737-800 WINGLETS;GRO;MAN;10
RYR2344; BOEING 737-800 WINGLETS;GRO;NCL;28
RYR9803; BOEING 737-800 WINGLETS;GRO;STN;21
RYR4125; BOEING 737-800 WINGLETS;GRO;HHN;13
RYR6391; BOEING 737-800 WINGLETS;GRO;NRN;20
AEA5002; ATR-72;MLN;AGP;12
IBE8273; ATR-72;MLN;AGP;21
IBE8263; ATR-72;MLN;AGP;23
IBE8275; ATR-72;MLN;AGP;-15
IBE8791; ATR-72;MLN;MAD;10
IBE8269; ATR-72;MLN;AGP;39
IBE8793; ATR-72;MLN;MAD;9
IBE8277; ATR-72;MLN;AGP;13
AEA5004; ATR-72;MLN;AGP;-7
IBE8261; ATR-72;MLN;AGP;11
IBE8789; ATR-72;MLN;MAD;26
AEA5002; ATR-72;MLN;AGP;8
IBE8273; ATR-72;MLN;AGP;5
VLG1574; AIRBUS A320;OVD;BCN;2
IBE0479; AIRBUS A321;OVD;MAD;10
VLG8860; AIRBUS A320;OVD;CDG;9
IBE0475; AIRBUS A321;OVD;MAD;41
VLG1628; AIRBUS A320;OVD;AGP;12
VLG7314; AIRBUS A320;OVD;LGW;11
IBS3983; AIRBUS A320;OVD;MAD;32
VOE3925; BOEING 717;OVD;AGP;15
IBE0487; AIRBUS A319;OVD;MAD;9
EZY3084; AIRBUS A319;OVD;STN;15
VLG1578; AIRBUS A320;OVD;BCN;21
VOE3831; BOEING 717;OVD;SVQ;14
TAP1113; ATR-72;OVD;LIS;8
IBE0481; AIRBUS A321;OVD;MAD;13
VLG1572; AIRBUS A320;OVD;BCN;19
RYR6333; BOEING 737-800 WINGLETS;SCQ;BCN;12
IBS3877; AIRBUS A320;SCQ;MAD;12
VLG1671; 32A;SCQ;BCN;6
EZS1180; AIRBUS A319;SCQ;BSL;24
VLG6481; AIRBUS A320;SCQ;FCO;9
RYR8379; BOEING 737-800 WINGLETS;SCQ;STN;6
EVE1120; AIRBUS A320;SCQ;ALC;19
RYR3042; BOEING 737-800 WINGLETS;SCQ;SVQ;17
AEA2828; BOEING 737-800 WINGLETS;SCQ;BCN;0
VLG1677; AIRBUS A320;SCQ;BCN;22
DLH1111; AIRBUS A319;SCQ;FRA;22
LAV5214; BOEING 737-400;SCQ;TFN;19
IBS3875; AIRBUS A320;SCQ;MAD;23
EZS1338; AIRBUS A319;SCQ;GVA;14
RYR8539; BOEING 737-800 WINGLETS;SCQ;ALC;12
RYR4579; BOEING 737-800 WINGLETS;SCQ;BGY;4
EVE1602; 32A;SCQ;SVQ;22
IBS3879; AIRBUS A321;SCQ;MAD;4
VLG2487; AIRBUS A319;EAS;BCN;22
IBE8327; ATR-72;EAS;MAD;8
IBE8319; ATR-72;EAS;MAD;6
IBE8329; ATR-72;EAS;MAD;20
IBE8315; ATR-72;EAS;MAD;23
VLG2489; AIRBUS A319;EAS;BCN;22
IBE8323; ATR-72;EAS;MAD;9
IBE8317; ATR-72;EAS;MAD;22
IBB656; ATR-72;VDE;TFN;29
IBB662; ATR-42\/72;VDE;TFN;16
IBB664; ATR-72;VDE;TFN;14
IBB366; ATR-72;VDE;LPA;15
CNF248; ATR-72;VDE;TFN;19
IBB674; ATR-72;VDE;TFN;7
IBB656; ATR-72;VDE;TFN;-7
IBB655; ATR-72;TFN;VDE;15
IBB659; ATR-42\/72;TFN;VDE;17
IBB663; ATR-72;TFN;VDE;29
IBB365; ATR-72;LPA;VDE;19
IBS2218; ATR-72;LPA;VDE;14
CNF247; ATR-42\/72;TFN;VDE;32
IBB673; ATR-72;TFN;VDE;6
IBB655; ATR-72;TFN;VDE;11
RYR1915; BOEING 737-800 WINGLETS;AGP;CRL;40
AMC591; 32A;AGP;MLA;12
EZS1432; AIRBUS A319;AGP;GVA;20
IBS3865; AIRBUS A320;AGP;MAD;6
HTY222; AWH;AGP;JCU;19
AEA1011; BOEING 737-800 WINGLETS;AGP;CDG;27
AEA5001; ATR-72;AGP;MLN;21
IBE8262; ATR-72;AGP;MLN;38
TVF3161; AIRBUS A320;AGP;ORY;12
EZS1066; AIRBUS A319;AGP;BSL;10
VLG2114; 32B;AGP;BCN;25
JAF5832; BOEING 737-800 WINGLETS;AGP;OST;30
LGL666; BOEING 737-800 WINGLETS;AGP;LUX;22
IBK5831; BOEING 737-800 WINGLETS;AGP;LPA;9
EZY1718; AIRBUS A319;AGP;TLS;-7
TFL1628; BOEING 737-800 WINGLETS;AGP;AMS;18
EZY2734; 32A;AGP;MXP;22
ANE8390; BOMBARDIER CRJ-1000;MAD;ALC;8
VLG3935; AIRBUS A320;PMI;ALC;8
VLG1312; AIRBUS A320;BCN;ALC;10
HTY222; AWH;AGP;JCU;19
HTY134; AWH;AEI;JCU;-2
HTY110; AWH;JCU;AEI;18
HTY112; AWH;AEI;JCU;16
HTY114; AWH;AEI;JCU;11
HTY258; AWH;AGP;JCU;12
HTY138; AWH;AEI;JCU;9
IBS3947; AIRBUS A320;SVQ;MAD;7
VLG3943; AIRBUS A320;SVQ;PMI;2
TVF3101; BOEING 737-800 WINGLETS;SVQ;ORY;-4
VLG2211; AIRBUS A320;SVQ;BCN;24
VLG2251; 32B;SVQ;BCN;7
TRA6728; BOEING 737-800 WINGLETS;SVQ;AMS;31
VLG8830; 32A;SVQ;CDG;3
TAP1107; ATR-72;SVQ;LIS;10
RYR1191; BOEING 737-800 WINGLETS;SVQ;HAM;13
EVE1601; 32A;SVQ;SCQ;16
TRA5086; BOEING 737-800 WINGLETS;SVQ;EIN;7
VLG2509; AIRBUS A320;SVQ;BIO;17
RYR3041; BOEING 737-800 WINGLETS;SVQ;SCQ;24
AEA5106; BOEING 737-800 WINGLETS;SVQ;TFN;16
VLG3254; AIRBUS A320;SVQ;TFN;7
HTY133; AWH;JCU;AEI;9
HTY109; AWH;JCU;AEI;32
HTY111; AWH;JCU;AEI;22
HTY113; AWH;JCU;AEI;5
HTY137; AWH;JCU;AEI;22
IBE8213; CANADAIR CRJ-200;LEI;PMI;-4
EZY8164; AIRBUS A320;LEI;LGW;10
IBE8595; BOMBARDIER CRJ-1000;LEI;MAD;26
RYR8352; BOEING 737-800 WINGLETS;LEI;STN;15
VLG1252; AIRBUS A320;LEI;BCN;20
IBE8577; BOMBARDIER CRJ-1000;LEI;MAD;3
IBE8589; CANADAIR CRJ-200;LEI;MAD;9
IBE8601; BOMBARDIER CRJ-1000;LEI;MAD;-2
GMI2381; BOEING 737-700 WINGLETS;LEI;DUS;15
RYR1259; BOEING 737-800 WINGLETS;LEI;CRL;2
IBE8932; CANADAIR CRJ-200;LEI;SVQ;13
IBE8603; BOMBARDIER CRJ-1000;LEI;MAD;24
LGL694; BOEING 737-800 WINGLETS;LEI;LUX;16
JAF6944; EMBRAER 190;LEI;BRU;5
IBE8595; CANADAIR CRJ-900;LEI;MAD;40
EZY8164; AIRBUS A320;LEI;LGW;14
VLG7310; AIRBUS A320;BCN;MAD;26
VLG3929; AIRBUS A320;PMI;BCN;13
EWG6800; AIRBUS A320;PMI;LEJ;12
VLG3903; 32B;PMI;BCN;4
TUI2715; BOEING 737-800 WINGLETS;PMI;STR;29
DE1535; AIRBUS A320;PMI;HAJ;14
DE1527; 32B;PMI;LEJ;15
GSW2549; AIRBUS A319;PMI;ZRH;15
LAV5281; BOEING 737-800 WINGLETS;PMI;LPA;-9
TUI2313; BOEING 737-700;PMI;DUS;7
LDM313; AIRBUS A320;PMI;STR;6
GMI2075; BOEING 737-700;PMI;ERF;12
VLG3980; AIRBUS A320;SCQ;PMI;11
EWG9585; 32A;PMI;DUS;22
IBS3913; 32A;PMI;MAD;25
DE1515; BOEING 757-300 WINGLETS;PMI;DUS;-3
IBE8511; CANADAIR CRJ-900;XRY;MAD;8
DE1557; AIRBUS A320;XRY;DUS;11
RYR8397; BOEING 737-800 WINGLETS;XRY;STN;26
DE1563; AIRBUS A320;XRY;STR;27
VLG3154; AIRBUS A320;XRY;PMI;30
TUI8967; 7S8;XRY;MUC;18
RYR4624; BOEING 737-800 WINGLETS;XRY;HHN;17
IBE0411; AIRBUS A320;XRY;MAD;-3
SXD4482; BOEING 737-800;XRY;NUE;23
LLX5281; AIRBUS A320;XRY;NUE;28
EWG9571; 32A;XRY;DUS;9
VLG2287; 32A;XRY;BCN;20
RYR1284; BOEING 737-800 WINGLETS;XRY;BCN;11
IBE0405; AIRBUS A319;XRY;MAD;12
IBE0407; AIRBUS A320;XRY;MAD;5
LGL688; BOEING 737-700 WINGLETS;XRY;LUX;18
DE1723; AIRBUS A320;XRY;MUC;14
DE1565; AIRBUS A320;XRY;HAM;11
IBE8314; ATR-72;MAD;EAS;5
IBE8316; ATR-72;MAD;EAS;5
IBE8322; ATR-72;MAD;EAS;12
IBE8318; ATR-72;MAD;EAS;5
VLG2488; AIRBUS A319;BCN;EAS;18
IBE8326; ATR-72;MAD;EAS;-4
IBE8324; ATR-72;MAD;EAS;-4
VLG2486; AIRBUS A319;BCN;EAS;28
VLG2011; 32B;GRX;BCN;29
IBE8641; BOMBARDIER CRJ-1000;GRX;MAD;25
EZY1816; 32A;GRX;MAN;23
VLG2021; AIRBUS A320;GRX;BCN;21
AEA5200; EMBRAER ERJ-195;GRX;PMI;10
VLG3932; 32A;GRX;PMI;11
BAW3290; EMBRAER 190;GRX;LCY;14
IBE8645; CANADAIR CRJ-900;GRX;MAD;20
IBE8649; BOMBARDIER CRJ-1000;GRX;MAD;-8
VLG2015; AIRBUS A320;GRX;BCN;11
IBE8643; BOMBARDIER CRJ-1000;GRX;MAD;20
VLG2619; AIRBUS A320;GRX;BIO;7
VLG2017; 32B;GRX;BCN;18
IBE8639; CANADAIR CRJ-900;GRX;MAD;0
VLG2011; AIRBUS A320;GRX;BCN;16
VLG3541; AIRBUS A320;IBZ;BCN;-3
IBE8105; BOMBARDIER CRJ-1000;IBZ;PMI;8
AEA1703; ATR-72;IBZ;PMI;21
RYR8333; BOEING 737-800 WINGLETS;IBZ;BGY;-2
RYR8265; BOEING 737-800 WINGLETS;IBZ;BRS;6
BAW8462; EMBRAER 190;IBZ;LCY;19
VLG3515; AIRBUS A320;IBZ;BCN;15
BAW8464; EMBRAER 190;IBZ;LCY;-1
IBE8111; ATR-42\/72;IBZ;PMI;35
RYR7217; BOEING 737-800 WINGLETS;IBZ;VLC;38
RYR6720; BOEING 737-800 WINGLETS;IBZ;TRN;13
VLG3416; AIRBUS A320;IBZ;MAD;5
IBE8907; CANADAIR CRJ-200;IBZ;ALC;16
VLG3694; AIRBUS A320;IBZ;VLC;24
AEA2632; BOEING 737-800 WINGLETS;IBZ;ZAZ;3
RYR6703; BOEING 737-800 WINGLETS;IBZ;FCO;22
IBE8911; BOMBARDIER CRJ-1000;IBZ;MAD;-5
VLG1702; 32A;BCN;VGO;27
AEA7302; EMBRAER ERJ-195;MAD;VGO;36
IBE0532; AIRBUS A319;MAD;VGO;10
IBS9524; AIRBUS A320;PMI;VGO;8
AEA7300; EMBRAER ERJ-195;MAD;VGO;13
IBE0534; AIRBUS A319;MAD;VGO;11
AEA2727; BOEING 737-800 WINGLETS;BCN;VGO;16
RYR245; BOEING 737-800 WINGLETS;BCN;VGO;7
AEA7306; EMBRAER ERJ-195;MAD;VGO;31
RYR5947; BOEING 737-800 WINGLETS;MJV;BOH;9
EZY6014; 32A;MJV;BRS;17
RYR1925; BOEING 737-800 WINGLETS;MJV;EMA;28
RYR8025; BOEING 737-800 WINGLETS;MJV;STN;17
EXS208; BOEING 737-300;MJV;LBA;-3
EZY8552; AIRBUS A320;MJV;LGW;11
RYR7843; BOEING 737-800 WINGLETS;MJV;PIK;5
EXS524; BOEING 737-300 WINGLETS;MJV;NCL;6
EXS822; BOEING 737-300 WINGLETS;MJV;EDI;0
JAF5902; BOEING 737-800 WINGLETS;MJV;CRL;16
EXS864; BOEING 737-800 WINGLETS;MJV;MAN;24
RYR8027; BOEING 737-800 WINGLETS;MJV;STN;-2
RYR2323; BOEING 737-800 WINGLETS;MJV;LBA;2
RYR4117; BOEING 737-800 WINGLETS;MJV;MAN;11
RYR3453; BOEING 737-800 WINGLETS;MJV;LTN;10
RYR7095; BOEING 737-800 WINGLETS;MJV;DUB;20
EZY8554; AIRBUS A320;MJV;LGW;9
JAF6902; EMBRAER 190;MJV;ANR;11
RYR2155; BOEING 737-800 WINGLETS;MJV;BHX;-7
EZY8550; AIRBUS A319;MJV;LGW;9
EZY6014; AIRBUS A319;MJV;BRS;8
IBB605; ATR-72;TFN;SPC;10
IBB309; ATR-72;LPA;SPC;5
CNF412; ATR-72;TFN;SPC;14
IBB607; ATR-42\/72;TFN;SPC;13
AEA9461; ATR-72;TFN;SPC;13
IBB611; ATR-42\/72;TFN;SPC;9
CNF418; ATR-72;TFN;SPC;22
IBB609; ATR-72;TFN;SPC;13
AEA9463; ATR-72;TFN;SPC;17
IBB619; ATR-72;TFN;SPC;10
IBB621; ATR-42\/72;TFN;SPC;4
IBS3842; AIRBUS A320;MAD;SPC;7
IBB629; ATR-42\/72;TFN;SPC;14
CNF452; ATR-72;TFN;SPC;37
IBB631; ATR-42\/72;TFN;SPC;32
IBE2228; ATR-42\/72;TFN;SPC;5
AEA9465; ATR-72;TFN;SPC;17
IBB633; ATR-72;TFN;SPC;17
IBB623; ATR-42\/72;TFN;SPC;13
AEA9479; ATR-72;TFN;SPC;20
IBB315; ATR-72;LPA;SPC;17
IBB637; ATR-42\/72;TFN;SPC;28
IBB414; ATR-42\/72;TFN;FUE;-4
CNF803; ATR-72;LPA;FUE;14
IBB236; ATR-72;LPA;FUE;16
IBB208; ATR-72;LPA;FUE;28
IBB210; ATR-72;LPA;FUE;24
IBB422; ATR-42\/72;TFN;FUE;37
CNF809; ATR-72;LPA;FUE;10
IBB206; ATR-72;LPA;FUE;6
RYR5468; BOEING 737-800 WINGLETS;MAD;FUE;29
AEA9433; ATR-72;LPA;FUE;13
CNF412; ATR-72;TFN;SPC;42
IBB655; ATR-72;TFN;VDE;17
IBB102; BOMBARDIER CRJ-1000;TFN;LPA;18
AEA9404; ATR-72;TFN;LPA;18
IBB607; ATR-42\/72;TFN;SPC;15
CNF612; ATR-42\/72;TFN;LPA;18
AEA9461; ATR-72;TFN;SPC;12
AEA5103; BOEING 737-800 WINGLETS;TFN;SVQ;14
IBB104; ATR-42\/72;TFN;LPA;24
VLG3257; AIRBUS A320;TFN;SVQ;15
IBB611; ATR-42\/72;TFN;SPC;17
IBB108; ATR-42\/72;TFN;LPA;25
IBB114; ATR-42\/72;TFN;LPA;24
IBB651; ATR-42\/72;TFN;GMZ;13
LAV5213; BOEING 737-400;TFN;SCQ;23
CNF418; ATR-72;TFN;SPC;23
AEA9047; BOEING 737-800 WINGLETS;TFN;MAD;12
IBK6307; BOEING 737-800 WINGLETS;TFN;MAD;0
IBB609; ATR-72;TFN;SPC;22
IBE0478; AIRBUS A321;MAD;OVD;11
VOE3583; BOEING 717;VLC;OVD;14
IBE0488; AIRBUS A320;MAD;OVD;18
VLG1629; AIRBUS A320;AGP;OVD;11
VLG1579; AIRBUS A320;BCN;OVD;2
IBS3980; AIRBUS A320;MAD;OVD;3
IBE0476; AIRBUS A319;MAD;OVD;14
VOE3924; BOEING 717;AGP;OVD;0
IBE0480; AIRBUS A321;MAD;OVD;18
IBE0482; AIRBUS A320;MAD;OVD;12
VOE3830; BOEING 717;SVQ;OVD;7
VLG1571; AIRBUS A320;BCN;OVD;20
VLG1573; AIRBUS A320;BCN;OVD;21
VLG3713; 32A;MAH;BCN;9
VLG3803; 32A;MAH;BIO;17
IBE8483; CANADAIR CRJ-900;MAH;PMI;4
EZY8302; AIRBUS A319;MAH;LGW;19
VLG3715; AIRBUS A320;MAH;BCN;18
IBE8666; CANADAIR CRJ-900;MAH;ILD;16
AEA4532; ATR-72;MAH;PMI;12
VLG3745; AIRBUS A320;MAH;BCN;-1
IBE8957; BOMBARDIER CRJ-1000;MAH;MAD;13
IBE8491; CANADAIR CRJ-900;MAH;PMI;7
IBE8499; ATR-42\/72;MAH;PMI;17
RYR7402; BOEING 737-800 WINGLETS;MAH;VLC;24
AEA4530; ATR-72;MAH;PMI;9
IBE8493; ATR-42\/72;MAH;PMI;23
RYR6882; BOEING 737-800 WINGLETS;MAH;BCN;5
IBE8027; BOMBARDIER CRJ-1000;MAH;MAD;-2
VLG3701; AIRBUS A320;MAH;BCN;28
AEA5001; ATR-72;AGP;MLN;33
IBE8262; ATR-72;AGP;MLN;25
IBE8792; ATR-72;MAD;MLN;25
IBE8268; ATR-72;AGP;MLN;17
IBE8264; ATR-72;AGP;MLN;33
IBE8790; ATR-72;MAD;MLN;7
IBE8276; ATR-72;AGP;MLN;11
AEA5005; ATR-72;AGP;MLN;29
IBE8270; ATR-72;AGP;MLN;20
IBE8798; ATR-72;MAD;MLN;22
IBE8272; ATR-72;AGP;MLN;11
AEA5001; ATR-72;AGP;MLN;9
IBE8262; ATR-72;AGP;MLN;9
RYR1129; BOEING 737-800 WINGLETS;LPA;BHX;-11
IBB107; BOMBARDIER CRJ-1000;LPA;TFN;22
IBB236; ATR-72;LPA;FUE;1
IBB115; ATR-72;LPA;TFN;10
IBB504; ATR-72;LPA;ACE;35
IBB105; ATR-72;LPA;TFN;6
IBB119; BOMBARDIER CRJ-1000;LPA;TFN;-6
AEA9415; ATR-72;LPA;TFN;25
IBB208; ATR-72;LPA;FUE;6
AEA9447; ATR-72;LPA;ACE;25
TVS4434; BOEING 737-800 WINGLETS;LPA;MUC;13
IBB123; ATR-72;LPA;TFS;12
IBB210; ATR-72;LPA;FUE;17
AEA9161; AIRBUS A330-200;LPA;MAD;9
IBK5892; BOEING 737-800 WINGLETS;LPA;TRF;27
IBB109; BOMBARDIER CRJ-1000;LPA;TFN;5
JAF5182; BOEING 737-800 WINGLETS;LPA;BRU;20
CNF809; ATR-72;LPA;FUE;17
CNF721; ATR-72;LPA;ACE;20
WZZ3564; AIRBUS A320;BCN;TSR;8
VLG3916; AIRBUS A320;BCN;PMI;11
TRA5132; BOEING 737-800 WINGLETS;BCN;AMS;27
VLG1432; 32A;BCN;BIO;20
VLG9010; AIRBUS A320;BCN;MAD;21
EZY4416; AIRBUS A319;BCN;LYS;12
VLG2224; AIRBUS A320;BCN;SVQ;9
TVF3131; BOEING 737-800 WINGLETS;BCN;ORY;-3
EWG2529; AIRBUS A320;BCN;STR;25
VLG2111; AIRBUS A320;BCN;AGP;20
IBK5602; BOEING 737-800 WINGLETS;BCN;DUS;24
DLH1809; AIRBUS A319;BCN;MUC;6
EWG5921; 32A;BCN;VIE;9
AEA5035; ATR-72;MAD;AGP;12
VLG2115; 32B;BCN;AGP;12
IBK5830; BOEING 737-800 WINGLETS;LPA;AGP;16
VLG3283; 32A;TFS;AGP;17
RYR2359; BOEING 737-800 WINGLETS;ACE;NOC;14
IBB501; BOMBARDIER CRJ-1000;ACE;LPA;16
IBB453; ATR-42\/72;ACE;TFN;10
CNF704; ATR-42\/72;ACE;LPA;14
IBB505; ATR-72;ACE;LPA;19
AEA9448; ATR-72;ACE;LPA;17
DE1421; BOEING 757-200  WINGLETS;ACE;DUS;15
DE1409; BOEING 767-300 WINGLETS;ACE;FRA;19
DE1401; AIRBUS A320;ACE;MUC;28
RYR7125; BOEING 737-800 WINGLETS;ACE;DUB;25
IBB469; ATR-42\/72;ACE;TFN;-9
IBE2284; ATR-42\/72;ACE;TFN;20
RYR6627; BOEING 737-800 WINGLETS;ACE;EDI;6
RYR2595; BOEING 737-800 WINGLETS;ACE;BFS;11
RYR2132; BOEING 737-800 WINGLETS;ACE;MAN;2
CNF722; ATR-72;ACE;LPA;18
EZY8682; 32A;ACE;LGW;17
IBB513; ATR-42\/72;ACE;LPA;32
RYR8289; BOEING 737-800 WINGLETS;ACE;STN;23
EZY2026; 32A;ACE;LTN;17
JTG632; BOEING 737-700 WINGLETS;ACE;BLL;15
EIN777; AIRBUS A320;ACE;DUB;9
IBB471; ATR-72;ACE;TFN;18
RYR2913; BOEING 737-800 WINGLETS;MAD;TFS;16
IBB123; ATR-72;LPA;TFS;11
VLG3282; 32A;AGP;TFS;13
IBE8931; CANADAIR CRJ-200;SVQ;LEI;2
IBE8594; BOMBARDIER CRJ-1000;MAD;LEI;-9
VLG1251; AIRBUS A320;BCN;LEI;-10
IBE8598; BOMBARDIER CRJ-1000;MAD;LEI;14
IBE8212; CANADAIR CRJ-200;PMI;LEI;13
IBE8592; BOMBARDIER CRJ-1000;MAD;LEI;25
IBE8588; CANADAIR CRJ-200;MAD;LEI;23
IBE8600; BOMBARDIER CRJ-1000;MAD;LEI;16
IBE8594; CANADAIR CRJ-900;MAD;LEI;16
AEA2001; AIRBUS A330-200;MAD;BCN;4
VLG1572; AIRBUS A320;OVD;BCN;23
VLG7460; 32A;MAD;BCN;10
VLG3929; AIRBUS A320;PMI;BCN;6
VLG1439; 32A;BIO;BCN;26
IBE8986; CANADAIR CRJ-900;MAD;VLC;5
RYR7223; BOEING 737-800 WINGLETS;SCQ;VLC;31
IBE8935; CANADAIR CRJ-900;BIO;VLC;22
IBE8441; CANADAIR CRJ-200;IBZ;VLC;7
VLG3153; AIRBUS A320;PMI;XRY;26
IBE0410; AIRBUS A319;MAD;XRY;29
VLG2286; 32A;BCN;XRY;24
RYR1283; BOEING 737-800 WINGLETS;BCN;XRY;11
IBE0404; AIRBUS A319;MAD;XRY;10
IBE0406; AIRBUS A320;MAD;XRY;13
IBE0410; AIRBUS A319;MAD;XRY;0
AEA1702; ATR-72;PMI;IBZ;1
IBE8112; CANADAIR CRJ-200;PMI;IBZ;11
VLG3508; AIRBUS A320;BCN;IBZ;14
IBE8106; ATR-42\/72;PMI;IBZ;15
RYR7216; BOEING 737-800 WINGLETS;VLC;IBZ;13
VLG3419; AIRBUS A320;MAD;IBZ;18
IBE8904; CANADAIR CRJ-200;ALC;IBZ;-9
VLG3695; AIRBUS A320;VLC;IBZ;4
AEA2687; BOEING 737-800 WINGLETS;BCN;IBZ;17
IBE8910; BOMBARDIER CRJ-1000;MAD;IBZ;23
IBE8108; BOMBARDIER CRJ-1000;PMI;IBZ;11
VLG3510; AIRBUS A320;BCN;IBZ;15
AEA6025; EMBRAER ERJ-195;MAD;IBZ;16
RYR6362; BOEING 737-800 WINGLETS;BCN;PMI;9
AEA6007; BOEING 737-800 WINGLETS;BCN;PMI;-8
VLG3916; AIRBUS A320;BCN;PMI;26
AEA6031; EMBRAER ERJ-195;MAD;PMI;23
AEA4025; ATR-72;ALC;PMI;29
AEA4004; EMBRAER ERJ-195;VLC;PMI;15
VLG1421; 32B;BIO;BCN;18
IBE8935; CANADAIR CRJ-900;BIO;VLC;27
IBE0423; AIRBUS A321;BIO;MAD;-2
VLG1419; AIRBUS A320;BIO;BCN;24
AFR1477; EMBRAER 190;BIO;CDG;16
IBE8387; CANADAIR CRJ-200;BIO;ALC;29
IBS9525; AIRBUS A320;BIO;PMI;18
EZY3226; AIRBUS A319;BIO;STN;13
VLG3944; 32A;PMI;BIO;-6
IBK6361; BOEING 737-800 WINGLETS;BIO;TFS;27
VLG3968; 32A;BIO;VLC;7
VLG3274; AIRBUS A320;BIO;LPA;13
DLH1825; AIRBUS A320;BIO;MUC;-10
VLG3961; 32A;BIO;TXL;1
KLM1686; EMBRAER 190;BIO;AMS;22
VLG1670; 32A;BCN;SCQ;20
RYR5315; BOEING 737-800 WINGLETS;MAD;SCQ;29
VLG3980; AIRBUS A320;SCQ;PMI;16
EVE1601; 32A;SVQ;SCQ;9
AEA2827; BOEING 737-800 WINGLETS;BCN;SCQ;0
RYR3041; BOEING 737-800 WINGLETS;SVQ;SCQ;15
LAV5213; BOEING 737-400;TFN;SCQ;18
IBS3874; AIRBUS A320;MAD;SCQ;17
RYR8538; BOEING 737-800 WINGLETS;ALC;SCQ;29
EVE1119; 32A;ALC;SCQ;4
IBS3878; AIRBUS A321;MAD;SCQ;20
VLG1676; AIRBUS A320;BCN;SCQ;29
VLG1672; AIRBUS A320;BCN;SCQ;-3
CNF703; ATR-72;LPA;ACE;27
IBB504; ATR-72;LPA;ACE;1
AEA9447; ATR-72;LPA;ACE;0
IBB468; ATR-42\/72;TFN;ACE;39
CNF721; ATR-72;LPA;ACE;20
IBB510; ATR-72;LPA;ACE;7
IBB470; ATR-72;TFN;ACE;3
IBB508; ATR-72;LPA;ACE;14
LLX5052; AIRBUS A321;LPA;ACE;30
IBE8640; BOMBARDIER CRJ-1000;MAD;GRX;17
VLG2020; 32A;BCN;GRX;21
AEA5201; EMBRAER ERJ-195;PMI;GRX;18
VLG3933; 32A;PMI;GRX;31
IBE8646; CANADAIR CRJ-900;MAD;GRX;-7
IBE8642; BOMBARDIER CRJ-1000;MAD;GRX;36
VLG2014; AIRBUS A320;BCN;GRX;-4
IBE8644; BOMBARDIER CRJ-1000;MAD;GRX;3
VLG2618; AIRBUS A320;BIO;GRX;12
VLG2016; 32B;BCN;GRX;16
IBE8648; CANADAIR CRJ-900;MAD;GRX;25
VLG2010; AIRBUS A321;BCN;GRX;22
IBE8640; BOMBARDIER CRJ-1000;MAD;GRX;2
VLG3256; AIRBUS A320;SVQ;TFN;33
IBB604; ATR-42\/72;SPC;TFN;18
IBB107; BOMBARDIER CRJ-1000;LPA;TFN;-8
IBB115; ATR-72;LPA;TFN;18
AEA9059; BOEING 737-800 WINGLETS;MAD;TFN;38
IBB606; ATR-72;SPC;TFN;10
IBB105; ATR-72;LPA;TFN;19
RYR5278; BOEING 737-800 WINGLETS;MAD;TFN;13
IBB453; ATR-42\/72;ACE;TFN;22
IBK6306; BOEING 737-800 WINGLETS;MAD;TFN;-6
IBB415; ATR-42\/72;FUE;TFN;6
CNF413; ATR-72;SPC;TFN;21
IBB608; ATR-42\/72;SPC;TFN;10
IBB119; BOMBARDIER CRJ-1000;LPA;TFN;15
IBB656; ATR-72;VDE;TFN;15
AEA9415; ATR-72;LPA;TFN;14
VLG3260; AIRBUS A320;BIO;TFN;13
AEA9462; ATR-72;SPC;TFN;21
IBB109; BOMBARDIER CRJ-1000;LPA;TFN;25
IBB612; ATR-42\/72;SPC;TFN;37
IBS3942; AIRBUS A321;MAD;TFN;6
VLG2216; 32B;BCN;SVQ;7
RYR6396; BOEING 737-800 WINGLETS;BCN;SVQ;14
VLG2224; AIRBUS A320;BCN;SVQ;-10
AEA5103; BOEING 737-800 WINGLETS;TFN;SVQ;13
VLG2252; AIRBUS A320;BCN;SVQ;18
VLG3257; AIRBUS A320;TFN;SVQ;19
IBS3950; AIRBUS A320;MAD;SVQ;9
VLG2510; AIRBUS A320;BIO;SVQ;0
RYR3042; BOEING 737-800 WINGLETS;SCQ;SVQ;28
RYR5273; BOEING 737-800 WINGLETS;PMI;SVQ;27
VOE3528; BOEING 717;BIO;SVQ;16
RYR2207; BOEING 737-800 WINGLETS;VLC;SVQ;10
VLG3965; AIRBUS A320;VLC;SVQ;16
VLG3714; AIRBUS A320;BCN;MAH;5
IBE8482; CANADAIR CRJ-900;PMI;MAH;26
AEA4537; ATR-72;PMI;MAH;10
VLG3744; AIRBUS A320;BCN;MAH;13
IBE8956; BOMBARDIER CRJ-1000;MAD;MAH;10
AAL8564; BOMBARDIER CRJ-1000;MAD;MAH;11
IBE8498; ATR-42\/72;PMI;MAH;22
RYR7401; BOEING 737-800 WINGLETS;VLC;MAH;28
AEA4531; ATR-72;PMI;MAH;19
IBE8490; ATR-42\/72;PMI;MAH;16
RYR6881; BOEING 737-800 WINGLETS;BCN;MAH;22
IBE8026; BOMBARDIER CRJ-1000;MAD;MAH;10
VLG3700; AIRBUS A320;BCN;MAH;8
IBE8492; ATR-42\/72;PMI;MAH;16
IBE8496; CANADAIR CRJ-900;PMI;MAH;12
VLG3718; AIRBUS A321;BCN;MAH;23
IBS9522; AIRBUS A320;PMI;BIO;7
IBE8353; CANADAIR CRJ-200;SCQ;BIO;16
VLG1432; 32A;BCN;BIO;17
IBK6360; BOEING 737-800 WINGLETS;TFS;BIO;27
VLG3275; AIRBUS A320;LPA;BIO;9
VLG3803; 32A;MAH;BIO;22
VLG1440; 32A;BCN;BIO;5
AEA7157; EMBRAER ERJ-195;MAD;BIO;11
IBB106; BOMBARDIER CRJ-1000;TFN;LPA;18
CNF612; ATR-42\/72;TFN;LPA;-12
AEA9404; ATR-72;TFN;LPA;9
IBB102; BOMBARDIER CRJ-1000;TFN;LPA;16
IBB203; ATR-72;FUE;LPA;34
AEA9432; ATR-72;FUE;LPA;18
AEA9156; AIRBUS A330-200;MAD;LPA;14
IBB501; BOMBARDIER CRJ-1000;ACE;LPA;16
IBB104; ATR-42\/72;TFN;LPA;-2
CNF704; ATR-42\/72;ACE;LPA;29
IBB108; ATR-42\/72;TFN;LPA;6
IBB304; ATR-42\/72;SPC;LPA;16
IBB114; ATR-42\/72;TFN;LPA;11
CNF804; ATR-72;FUE;LPA;-1
IBB237; ATR-42\/72;FUE;LPA;28
IBB505; ATR-72;ACE;LPA;17
IBE8759; BOMBARDIER CRJ-1000;LEN;BCN;23
IBE8758; BOMBARDIER CRJ-1000;BCN;LEN;2
IBE8313; BOMBARDIER CRJ-1000;BJZ;BCN;18
IBE8331; CANADAIR CRJ-200;BJZ;MAD;38
IBE8330; CANADAIR CRJ-200;MAD;BJZ;6
RYR1074; BOEING 737-800 WINGLETS;REU;EMA;7
RYR1115; BOEING 737-800 WINGLETS;REU;DUB;23
RYR2212; BOEING 737-800 WINGLETS;REU;EIN;9
RYR2212; BOEING 737-800 WINGLETS;REU;EIN;13
RYR1115; BOEING 737-800 WINGLETS;REU;DUB;8
IBB656; ATR-72;VDE;TFN;22
IBB662; ATR-42\/72;VDE;TFN;1
IBB664; ATR-72;VDE;TFN;23
IBB366; ATR-72;VDE;LPA;22
CNF248; ATR-72;VDE;TFN;14
IBB674; ATR-72;VDE;TFN;26
IBB656; ATR-72;VDE;TFN;9
AEA2631; BOEING 737-800 WINGLETS;ZAZ;IBZ;29
RYR4634; BOEING 737-800 WINGLETS;ZAZ;BGY;36
VLG3979; AIRBUS A320;ZAZ;PMI;12
RYR6321; BOEING 737-800 WINGLETS;VLL;BCN;20
VLG1585; AIRBUS A320;VLL;BCN;2
RYR4421; BOEING 737-800 WINGLETS;VIT;CGN;25
IBE8221; CANADAIR CRJ-200;RJL;MAD;6
IBE3464; AIRBUS A319;MAD;ZRH;10
AVA027; BOEING 787-8;MAD;BOG;8
TVF3181; BOEING 737-800 WINGLETS;MAD;ORY;-4
IBE0930; AIRBUS A320;MAD;BCN;6
IBE0930S; AIRBUS A320;MAD;BCN;-2
AVA6078; AIRBUS A320;MAD;BCN;17
VLG9742; AIRBUS A320;MAD;BCN;1
AAL8733; AIRBUS A320;MAD;BCN;16
ACA837; BOEING 787-9;MAD;YYZ;10
IBE3480; AIRBUS A320;MAD;GVA;1
RYR1332; BOEING 737-800 WINGLETS;MAD;NAP;5
IBE8914; BOMBARDIER CRJ-1000;MAD;MRS;29
WZZ3402; AIRBUS A320;MAD;CLJ;21
IBE8784; BOMBARDIER CRJ-1000;MAD;BLQ;9
VLG9460; AIRBUS A320;MAD;BCN;12
RYR6991; BOEING 737-800 WINGLETS;MAD;BGY;10
DLH1119; AIRBUS A319;PNA;FRA;16
IBE8539; CANADAIR CRJ-200;PNA;MAD;9
KRP2860; FOKKER 100;PNA;LPA;30
IBE8525; BOMBARDIER CRJ-1000;PNA;MAD;11
IBE8531; BOMBARDIER CRJ-1000;PNA;MAD;1
IBE8529; BOMBARDIER CRJ-1000;PNA;MAD;14
IBE8224; CANADAIR CRJ-200;MAD;RJL;17
IBB650; ATR-42\/72;GMZ;TFN;0
IBB652; ATR-72;GMZ;TFN;12
IBB650; ATR-72;GMZ;TFN;17
VLG2011; 32B;GRX;BCN;10
IBE8641; BOMBARDIER CRJ-1000;GRX;MAD;10
EZY1816; 32A;GRX;MAN;20
VLG2021; 32A;GRX;BCN;-2
AEA5200; EMBRAER ERJ-195;GRX;PMI;12
VLG3932; 32A;GRX;PMI;28
BAW3290; EMBRAER 190;GRX;LCY;0
IBE8645; CANADAIR CRJ-900;GRX;MAD;15
IBE8649; BOMBARDIER CRJ-1000;GRX;MAD;7
VLG2015; AIRBUS A320;GRX;BCN;35
IBE8643; BOMBARDIER CRJ-1000;GRX;MAD;12
VLG2619; AIRBUS A320;GRX;BIO;32
VLG2017; 32B;GRX;BCN;5
IBE8639; CANADAIR CRJ-900;GRX;MAD;12
VLG2011; AIRBUS A320;GRX;BCN;14
RYR9335; BOEING 737-800 WINGLETS;GRO;BRS;8
RYR9107; BOEING 737-800 WINGLETS;GRO;BVA;11
RYR7018; BOEING 737-800 WINGLETS;GRO;SKG;13
RYR9803; BOEING 737-800 WINGLETS;GRO;STN;11
RYR9211; BOEING 737-800 WINGLETS;GRO;FKB;13
RYR9911; BOEING 737-800 WINGLETS;GRO;BOH;11
RYR3769; BOEING 737-800 WINGLETS;GRO;LTN;1
RYR8047; BOEING 737-800 WINGLETS;GRO;BHX;18
RYR7038; BOEING 737-800 WINGLETS;GRO;CAG;-1
RYR6924; BOEING 737-800 WINGLETS;GRO;RBA;24
RYR4275; BOEING 737-800 WINGLETS;GRO;FRA;12
ANE2034; BOMBARDIER CRJ-1000;GRO;SVQ;11
RYR9123; BOEING 737-800 WINGLETS;GRO;EIN;14
RYR3213; BOEING 737-800 WINGLETS;GRO;MAN;36
RYR2344; BOEING 737-800 WINGLETS;GRO;NCL;17
RYR9803; BOEING 737-800 WINGLETS;GRO;STN;21
RYR4125; BOEING 737-800 WINGLETS;GRO;HHN;26
RYR6391; BOEING 737-800 WINGLETS;GRO;NRN;19
RYR9241; BOEING 737-800 WINGLETS;GRO;PSA;-3
HTY134; AWH;AEI;JCU;14
HTY110; AWH;JCU;AEI;6
HTY112; AWH;AEI;JCU;13
HTY114; AWH;AEI;JCU;6
HTY138; AWH;AEI;JCU;6
HTY133; AWH;JCU;AEI;8
HTY109; AWH;JCU;AEI;19
HTY111; AWH;JCU;AEI;21
HTY113; AWH;JCU;AEI;15
HTY257; AWH;JCU;AGP;21
HTY137; AWH;JCU;AEI;11
IBE8327; ATR-72;EAS;MAD;22
IBE8319; ATR-72;EAS;MAD;5
IBE8329; ATR-72;EAS;MAD;13
IBE8315; ATR-72;EAS;MAD;14
VLG2489; AIRBUS A319;EAS;BCN;26
IBE8323; ATR-72;EAS;MAD;1
IBE8317; ATR-72;EAS;MAD;22
VLG2487; AIRBUS A319;EAS;BCN;10
IBB651; ATR-42\/72;TFN;GMZ;-5
IBB653; ATR-42\/72;TFN;GMZ;1
IBE2244; ATR-72;TFN;GMZ;5
IBB651; ATR-72;TFN;GMZ;17
AEA7311; EMBRAER ERJ-195;VGO;MAD;9
VLG1703; 32A;VGO;BCN;22
AEA7315; EMBRAER ERJ-195;VGO;MAD;3
IBE0533; AIRBUS A319;VGO;MAD;28
IBS9527; AIRBUS A320;VGO;PMI;12
TAP1141; ATR-72;VGO;LIS;19
AEA7317; EMBRAER ERJ-195;VGO;MAD;8
RYR1779; BOEING 737-800 WINGLETS;SDR;BUD;17
IBE0555; AIRBUS A319;SDR;MAD;20
RYR9156; BOEING 737-800 WINGLETS;SDR;CIA;9
IBE0557; AIRBUS A319;SDR;MAD;14
VLG1591; AIRBUS A320;SDR;BCN;25
RYR1353; BOEING 737-800 WINGLETS;SDR;RAK;17
RYR6058; BOEING 737-800 WINGLETS;SDR;CRL;12
IBE0559; AIRBUS A319;SDR;MAD;11
RYR2613; BOEING 737-800 WINGLETS;SDR;STN;-5
IBE8861; BOMBARDIER CRJ-1000;SDR;MAD;16
HTY133; AWH;JCU;AEI;12
HTY109; AWH;JCU;AEI;17
HTY111; AWH;JCU;AEI;21
HTY113; AWH;JCU;AEI;9
HTY137; AWH;JCU;AEI;23
AEA2632; BOEING 737-800 WINGLETS;IBZ;ZAZ;22
VLG3978; AIRBUS A320;PMI;ZAZ;22
IBB655; ATR-72;TFN;VDE;12
IBB659; ATR-42\/72;TFN;VDE;17
IBB663; ATR-72;TFN;VDE;20
IBB365; ATR-72;LPA;VDE;-1
IBS2218; ATR-72;LPA;VDE;2
CNF247; ATR-42\/72;TFN;VDE;9
IBB673; ATR-72;TFN;VDE;17
IBB655; ATR-72;TFN;VDE;2
RYR6320; BOEING 737-800 WINGLETS;BCN;VLL;-6
VLG1584; AIRBUS A320;BCN;VLL;27
TAP1085; ATR-42\/72;LCG;LIS;15
IBE0513; AIRBUS A320;LCG;MAD;19
VLG1274; 32A;LCG;VLC;20
VLG1298; AIRBUS A320;LCG;SVQ;0
AEA7236; EMBRAER ERJ-195;LCG;MAD;20
IBE0523; AIRBUS A320;LCG;MAD;23
VLG1295; 32A;LCG;BCN;16
VLG7104; AIRBUS A320;LCG;LHR;15
LZF440; ATR 42-300\/320;BIO;LCG;20
AEA7238; EMBRAER ERJ-195;LCG;MAD;21
IBE8640; BOMBARDIER CRJ-1000;MAD;GRX;11
VLG2020; 32A;BCN;GRX;12
AEA5201; EMBRAER ERJ-195;PMI;GRX;16
VLG3933; 32A;PMI;GRX;17
IBE8646; CANADAIR CRJ-900;MAD;GRX;6
IBE8642; BOMBARDIER CRJ-1000;MAD;GRX;-2
VLG2014; AIRBUS A320;BCN;GRX;14
IBE8644; BOMBARDIER CRJ-1000;MAD;GRX;38
VLG2618; AIRBUS A320;BIO;GRX;18
VLG2016; 32B;BCN;GRX;19
IBE8648; CANADAIR CRJ-900;MAD;GRX;12
VLG2010; AIRBUS A321;BCN;GRX;17
IBE8640; BOMBARDIER CRJ-1000;MAD;GRX;16
IBE8993; BOMBARDIER CRJ-1000;VLC;MAD;24
SWR2131; CS1;VLC;GVA;9
EZY8224; AIRBUS A319;VLC;LGW;5
IBE8987; CANADAIR CRJ-900;VLC;MAD;15
RYR2258; BOEING 737-800 WINGLETS;VLC;TRN;25
TRA5106; BOEING 737-800 WINGLETS;VLC;EIN;20
RYR9678; BOEING 737-800 WINGLETS;VLC;CIA;2
RYR8322; BOEING 737-800 WINGLETS;VLC;STN;23
RYR7216; BOEING 737-800 WINGLETS;VLC;IBZ;32
RYR7619; BOEING 737-800 WINGLETS;VLC;GLA;8
AEA1007; BOEING 737-800 WINGLETS;VLC;CDG;22
AEA4064; ATR-72;VLC;MAD;33
VLG6244; AIRBUS A320;VLC;FCO;7
VLG3695; AIRBUS A320;VLC;IBZ;3
IBE8314; ATR-72;MAD;EAS;9
IBE8316; ATR-72;MAD;EAS;4
IBE8322; ATR-72;MAD;EAS;22
IBE8318; ATR-72;MAD;EAS;31
